{
  "1180059043058962432-1262005842673139803-1399688277790818305": {
    "buyer": {
      "id": "1262005842673139803"
    },
    "seller": {
      "id": "1180059043058962432"
    },
    "title": "🛍️RTM CPRP",
    "productDesc": "\nSell UIC CPRP STOCK 1,7JT \n300K IC / 15K OOC -1 DOANG\n",
    "history": [],
    "remainingTime": -1754130627391
  },
  "1252242582373666923-1262005842673139803-1400725028458463252": {
    "buyer": {
      "id": "1262005842673139803"
    },
    "seller": {
      "id": "1252242582373666923"
    },
    "title": "🛍️RTM CPRP",
    "productDesc": "\nSell UiC Cprp 20k 210k ic ragu? Mm ken\n",
    "history": [],
    "remainingTime": -1754130729168
  },
  "1180059043058962432-1262005842673139803-1401199832399347742": {
    "buyer": {
      "id": "1262005842673139803"
    },
    "seller": {
      "id": "1180059043058962432"
    },
    "title": "📢 Permintaan Order Terkirim",
    "productDesc": "\n\nSell UIC CPRP STOCK 1,7JT \n300K IC / 15K OOC -1 DOANG\n\n",
    "history": [
      {
        "buyer": "[23.09.30] Anda : Order bre",
        "seller": "[23.09.30] Buyer : Order bre"
      }
    ],
    "remainingTime": -1754130618409
  },
  "1252242582373666923-1262005842673139803-1401199930953044028": {
    "buyer": {
      "id": "1262005842673139803"
    },
    "seller": {
      "id": "1252242582373666923"
    },
    "title": "📢 Permintaan Order Terkirim",
    "productDesc": "\n\nSell UiC Cprp 20k 210k ic ragu? Mm ken\n\n",
    "history": [
      {
        "buyer": "[20.51.35] Anda : Masih kah?",
        "seller": "[20.51.35] Buyer : Masih kah?"
      },
      {
        "buyer": "[06.01.55] Seller : Solod",
        "seller": "[06.01.55] Anda : Solod"
      },
      {
        "buyer": "[06.02.11] Seller : Bf injection ada nya",
        "seller": "[06.02.11] Anda : Bf injection ada nya"
      }
    ],
    "remainingTime": -1754130599321
  },
  "1300092556545097731-1209130014847795241-1397146075407585351": {
    "buyer": {
      "id": "1209130014847795241"
    },
    "seller": {
      "id": "1300092556545097731"
    },
    "title": "🛍️RTM CPRP",
    "productDesc": "\n📌 🤯 Kepala udah panas mikirin CS? Gak usah pusing, gue buka jasa joki Character Story buat semua server GTA RP!\nDijamin:\n✅ *Gaya penulisan sesuai aturan server* \n✅ *Bebas revisi* \n✅ *Bisa request latar belakang karakter*\n✅  *harga cuma 3k*\n Udah bantuin banyak orang lolos seleksi fraksi &      \nevent story\nGak perlu mikir susah, tinggal order — gue yang garap, kamu tinggal kirim!\n\nYuk, langsung aja — murah, cepet, aman!\n",
    "history": [
      {
        "buyer": "[21.45.24] Anda : cprp 3k juga kah dan di jamin aman kan sama pengerjaan berpa lama",
        "seller": "[21.45.24] Buyer : cprp 3k juga kah dan di jamin aman kan sama pengerjaan berpa lama"
      }
    ],
    "remainingTime": -1754127348848
  },
  "1269015630921728080-1122532488196149368-1401093493262389370": {
    "buyer": {
      "id": "1122532488196149368"
    },
    "seller": {
      "id": "1269015630921728080"
    },
    "title": "🛍️RTM RRP",
    "productDesc": "\nrelative\n",
    "history": [
      {
        "buyer": "[22.19.35] Anda : Brp",
        "seller": "[22.19.35] Buyer : Brp"
      },
      {
        "buyer": "[22.19.43] Anda : Spek",
        "seller": "[22.19.43] Buyer : Spek"
      }
    ],
    "remainingTime": -1754125263270
  },
  "1331235412269727758-1386707359316836424-1398999032050880614": {
    "buyer": {
      "id": "1386707359316836424"
    },
    "seller": {
      "id": "1331235412269727758"
    },
    "title": "🛍️RTM SSRP",
    "productDesc": "\nsell import patriot ssrp 45k net\n",
    "history": [
      {
        "buyer": "[23.45.50] Anda : 40k gas ga",
        "seller": "[23.45.50] Buyer : 40k gas ga"
      }
    ],
    "remainingTime": -1754120093941
  },
  "1269015630921728080-1345922102674329690-1401093342049079417": {
    "buyer": {
      "id": "1345922102674329690"
    },
    "seller": {
      "id": "1269015630921728080"
    },
    "title": "🛍️RTM HPRP",
    "productDesc": "\ne\n",
    "history": [],
    "remainingTime": -1754093464251
  }
}